product image url,product name,product discription,product price,product discount price,product per off
,"Noise Pro 5 Max 1.96 AMOLED Display, Post Workout Analy...",Sponsored,"₹4,999","₹9,999",50% off
,"Pebble Celia 1.32"" HD Infinite Display, BT Calling, Wom...",Sponsored,"₹2,499","₹7,499",66% off
,Noise Colorfit Icon 2 1.8'' Display with Bluetooth Call...,"Blue Strap, Regular","₹1,199","₹5,999",80% off
,Noise Colorfit Icon 2 1.8'' Display with Bluetooth Call...,"Black Strap, Regular","₹1,399","₹5,999",76% off
,Noise Loop 1.85'' Display with Advanced Bluetooth Calli...,"Black Strap, Regular","₹1,299","₹6,999",81% off
,"Noise Thrill with 2"" Display with 3 Armored Layer Rugge...","Black Strap, Regular","₹1,099","₹6,999",84% off
,"Noise Crew 1.38"" Round Display with Bluetooth Calling, ...","Black Strap, Regular","₹1,299","₹4,999",74% off
,"Noise Pro 5 1.85 AMOLED Always-on Display, DIY Watch fa...",Sponsored,"₹3,999","₹9,999",60% off
,"Noise Crew 1.38"" Round Display with Bluetooth Calling, ...","Grey Strap, Regular","₹1,399","₹4,999",72% off
,"Noise Icon Buzz 1.69"" Display with Bluetooth Calling, B...","Midnight Gold Strap, Regular","₹1,199","₹4,999",76% off
,"Noise Pro 5 Max 1.96 AMOLED Display, Post Workout Analy...",Sponsored,"₹4,499","₹9,999",55% off
,"Noise Pro 5 1.85 AMOLED Always-on Display, DIY Watch fa...",Sponsored,"₹3,999","₹9,999",60% off
,"Noise Icon Buzz 1.69"" Display with Bluetooth Calling, B...","Green Strap, Regular","₹1,199","₹4,999",76% off
,"Noise Crew 1.38"" Display with Bluetooth Calling, Women'...","Pink Strap, Regular","₹1,299","₹4,999",74% off
,"Noise Icon Buzz 1.69"" Display with Bluetooth Calling, B...","Jet Black Strap, Regular","₹1,199","₹4,999",76% off
,Noise Loop 1.85'' Display with Advanced Bluetooth Calli...,"Pink Strap, Regular","₹1,299","₹6,999",81% off
,"Pebble Celia 1.32"" HD Infinite Display, BT Calling, Wom...",Sponsored,"₹2,499","₹7,499",66% off
,"Noise Venture 1.39 inch TruView Display, Rugged Design ...","Black Strap, Regular","₹1,499","₹5,999",75% off
,"Noise Thrive 1.85'' Display with Bluetooth Calling, Mus...","Black Strap, Regular","₹1,299","₹5,999",78% off
,Noise Loop 1.85'' Display with Advanced Bluetooth Calli...,"Green Strap, Regular","₹1,299","₹6,999",81% off
,Noise Colorfit Icon 2 1.8'' Display with Bluetooth Call...,"Deep Wine Strap, Regular","₹1,399","₹5,999",76% off
,"Noise Thrive 1.85'' Display with Bluetooth Calling, Mus...","Grey Strap, Regular","₹1,299","₹5,999",78% off
,"Noise Icon 2 1.8'' Display with Bluetooth Calling, Wome...","Pink Strap, Regular","₹1,199","₹5,999",80% off
,Noise Evolve 4 1.46 AMOLED Always On Display with Premi...,"Jet Black Strap, Regular","₹2,799","₹7,999",65% off
,Noise Colorfit Icon 2 1.8'' Display with Bluetooth Call...,"Glossy Black Strap, Regular","₹1,199","₹5,999",80% off
,"Noise Icon Buzz 1.69"" Display with Bluetooth Calling, B...","Blue Strap, Regular","₹1,199","₹4,999",76% off
,Noise Colorfit Icon 2 1.8'' Display with Bluetooth Call...,"Green Strap, Regular","₹1,199","₹5,999",80% off
,"Noise Mettle 1.4'' display, Stainless Steel finish with...","Black Strap, Regular","₹2,199","₹7,999",72% off
,Noise Loop 1.85'' Display with Advanced Bluetooth Calli...,"Deep Wine Strap, Regular","₹1,299","₹6,999",81% off
,"Noise Crew 1.38"" Round Display with Bluetooth Calling, ...","Green Strap, Regular","₹1,299","₹4,999",74% off
,"Noise Icon 2 Vista Bluetooth Calling with 1.78"" AMOLED ...","Active Black Strap, Regular","₹1,299","₹6,999",81% off
,"Noise Icon Buzz 1.69"" Display with Bluetooth Calling, W...","Pink Strap, Regular","₹1,199","₹4,999",76% off
,Noise Loop 1.85'' Display with Advanced Bluetooth Calli...,"Blue Strap, Regular","₹1,299","₹6,999",81% off
,"Noise Thrill with 2"" Display with 3 Armored Layer Rugge...","Brown Strap, Regular","₹1,099","₹6,999",84% off
,"Noise Evolve 3 1.43"" AMOLED Always-On Display with Blue...","Vintage Brown Strap, Regular","₹2,199","₹6,999",68% off
,"Noise Icon 3 1.91"" Display with Bluetooth Calling, Meta...","Navy Blue Strap, Regular","₹1,399","₹7,999",82% off
,Noise Icon 2 Elite Edition 1.8'' Display with Metallic ...,"Elite Black Strap, Regular","₹1,599","₹6,999",77% off
,Noise Force Plus 1.46'' AMOLED Always-On Display with B...,"Black Strap, Regular","₹2,199","₹7,999",72% off
,"Noise Icon 4 with Stunning 1.96'' AMOLED Display, Metal...","Space Blue Strap, Regular","₹2,199","₹6,999",68% off
,"Noise Icon 3 1.91"" Display with Bluetooth Calling, Meta...","Metallic Black Strap, Regular","₹1,399","₹7,999",82% off
,"Noise Icon Buzz 1.69"" Display with Bluetooth Calling, B...","Deep Wine Strap, Regular","₹1,199","₹4,999",76% off
,"Noise Thrive 1.85'' Display with Bluetooth Calling, Mus...","Blue Strap, Regular","₹1,299","₹5,999",78% off
,"Noise Evolve 3 1.43"" AMOLED Always-On Display with Blue...","Space Blue Strap, Regular","₹2,199","₹6,999",68% off
,Noise Icon 2 Elite Edition 1.8'' Display with Metallic ...,"Silver Strap, Regular","₹1,599","₹6,999",77% off
,"Noise Crew Pro BT Calling with 1.4"" display, Metal Fini...","Black Strap, Regular","₹1,699","₹6,999",75% off
,"Noise Caliber Go 1.69"" HD Display with 30 Sports Modes,...","Black Strap, Regular","₹1,299","₹3,999",67% off
,"Noise Vision 3 with 1.96"" AMOLED display with Thin Beze...","Black Strap, Regular","₹2,999","₹7,999",62% off
,Noise Colorfit Icon 2 1.8'' Display with Bluetooth Call...,"Grey Strap, Regular","₹1,199","₹5,999",80% off
,"Noise Evolve 3 1.43"" AMOLED Always-On Display with Blue...","Silver Grey Strap, Regular","₹2,199","₹6,999",68% off
,"Noise Thrill with 2"" Display with 3 Armored Layer Rugge...","Camo Grey Strap, Regular","₹1,099","₹6,999",84% off
,"Noise Mettle 1.4'' display, Stainless Steel finish with...","Silver Strap, Regular","₹2,199","₹7,999",72% off
,"Noise Icon Buzz 1.69"" Display with Bluetooth Calling, B...","Grey Strap, Regular","₹1,199","₹4,999",76% off
,"Noise Vision 3 with 1.96"" AMOLED display with Thin Beze...","Green Strap, Regular","₹2,999","₹7,999",62% off
,"Noise Evolve 3 1.43"" AMOLED Always-On Display with Blue...","Carbon Black Strap, Regular","₹2,199","₹6,999",68% off
,"Noise Thrive 1.85'' Display with Bluetooth Calling, Mus...","Blue Strap, Regular","₹1,299","₹5,999",78% off
,Noise Vision 2 Buzz with 1.7'' AMOLED Always On Display...,"Brown Strap, Regular","₹1,799","₹7,999",77% off
,"Noise Icon 3 Plus with 2"" HD Display, Metal Dial, Funct...","Elite Black Strap, Regular","₹1,399","₹6,999",80% off
,"Noise Fuse 1.38'' Round Display with Bluetooth Calling,...","Pink Strap, Regular","₹1,299","₹4,999",74% off
,"Noise Vision 3 with 1.96"" AMOLED display with Thin Beze...","Metallic Black Strap, Regular","₹3,499","₹7,999",56% off
,Noise Force Plus 1.46'' AMOLED Always-On Display with B...,"Blue Strap, Regular","₹2,199","₹7,999",72% off
,"Noise ColorFit Caliberwith 15-day battery, 1.69"" displa...","Red Strap, Regular","₹1,199","₹3,999",70% off
,Noise Evolve 4 Metal Edition with 1.46 inch AMOLED Disp...,"Active Black Strap, Regular","₹3,499","₹8,999",61% off
,Noise Caliber 2 Buzz 1.85'' Display with Bluetooth Call...,"Black Strap, Regular","₹1,299","₹5,999",78% off
,"Noise Hexa 1.96"" AMOLED with ArcView Display, Bluetooth...","Classic Brown Strap, Regular","₹2,799","₹7,999",65% off
,"Noise Impact 2"" HD Display with Bluetooth Calling, Meta...","Blue Strap, Regular","₹1,499","₹6,999",78% off
,Noise Caliber 2 Buzz 1.85'' Display with Bluetooth Call...,"Purple Strap, Regular","₹1,299","₹5,999",78% off
,"Noise Crew Pro BT Calling with 1.4"" display, Metal Fini...","Black Strap, Regular","₹1,699","₹6,999",75% off
,"Noise Crew 1.38"" Round Display with Bluetooth Calling, ...","Blue Strap, Regular","₹1,399","₹4,999",72% off
,"Noise Vision 3 with 1.96"" AMOLED display with Thin Beze...","Silver Strap, Regular","₹3,499","₹7,999",56% off
,"Noise Fuse Plus 1.43"" AMOLED display, Bluetooth Calling...","Black Strap, Regular","₹1,599","₹6,999",77% off
,"Noise Icon 4 with Stunning 1.96'' AMOLED Display, Metal...","Forest Green Strap, Regular","₹2,199","₹6,999",68% off
,"Noise ColorFit Pro4 Max 1.8"" BT Calling, Noise detectio...","Black Strap, Regular","₹3,999","₹5,999",33% off
,Noise Evolve 4 1.46 AMOLED Always On Display with Premi...,"Space Blue Strap, Regular","₹2,799","₹7,999",65% off
,"Noise Fuse 1.38'' Round Display with Bluetooth Calling,...","Brown Strap, Regular","₹1,299","₹4,999",74% off
,"Noise Hexa 1.96"" AMOLED with ArcView Display, Bluetooth...","Jet Black Strap, Regular","₹2,799","₹7,999",65% off
,"Noise Icon 4 with Stunning 1.96'' AMOLED Display, Metal...","Midnight Gold Strap, Regular","₹2,199","₹6,999",68% off
,"Noise Icon 3 1.91"" Display with Bluetooth Calling, Meta...","Classic Black Strap, Regular","₹1,399","₹6,999",80% off
,"Noise Venture 1.39 inch TruView Display, Rugged Design ...","Grey Strap, Regular","₹1,499","₹5,999",75% off
,Noise Colorfit Icon 2 1.8'' Display with Bluetooth Call...,"Red Strap, Regular","₹1,399","₹5,999",76% off
,"Noise Qube 2 1.96"" Display with Bluetooth Calling, Buil...","Pink Strap, Regular","₹1,399","₹6,999",80% off
,"Noise Fuse 1.38'' Round Display with Bluetooth Calling,...","Black Strap, Regular","₹1,299","₹4,999",74% off
,"Noise Impact 2"" HD Display with Bluetooth Calling, Meta...","Deep Wine Strap, Regular","₹1,499","₹6,999",78% off
,"Noise Vision 3 with 1.96"" AMOLED display with Thin Beze...","Classic Black Strap, Regular","₹2,999","₹7,999",62% off
,"Noise Mettle 1.4'' display, Stainless Steel finish with...","Blue Strap, Regular","₹2,199","₹7,999",72% off
,"Noise Thrill with 2"" Display with 3 Armored Layer Rugge...","Camo Green Strap, Regular","₹1,099","₹6,999",84% off
,"Noise Caliber Go 1.69"" HD Display with 30 Sports Modes,...","Blue Strap, Regular","₹1,299","₹3,999",67% off
,"Noise Thrive 1.85'' Display with Bluetooth Calling, Mus...","Deep Wine Strap, Regular","₹1,299","₹5,999",78% off
,"Noise Fuse Plus 1.43"" AMOLED display, Bluetooth Calling...","Blue Strap, Regular","₹1,599","₹6,999",77% off
,"Noise Icon 2 Vista Bluetooth Calling with 1.78"" AMOLED ...","Deep Wine Strap, Regular","₹1,299","₹6,999",81% off
,Noise Grace Women's Collection 1.1 AMOLED Display with ...,"Black Strap, Regular","₹3,499","₹5,999",41% off
,"Noise Vision 3 with 1.96"" AMOLED display with Thin Beze...","Brown Strap, Regular","₹2,999","₹7,999",62% off
,"Noise Icon 3 Plus with 2"" HD Display, Metal Dial, Funct...","Elite Silver Strap, Regular","₹1,399","₹6,999",80% off
,"Noise Icon 2 Vista 1.78"" AMOLED Display with Bluetooth ...","Pink Strap, Regular","₹1,299","₹6,999",81% off
,"Noise Venture 1.39 inch TruView Display, Rugged Design ...","Green Strap, Regular","₹1,499","₹5,999",75% off
,"Noise Qube 2 1.96"" display with Bluetooth Calling, Buil...","Blue Strap, Regular","₹1,399","₹6,999",80% off
,Noise Force Plus 1.46'' AMOLED Always-On Display with B...,"Grey Strap, Regular","₹2,199","₹7,999",72% off
,"Noise Caliber 3 Plus 1.96"" AMOLED Display, Functional C...","Black Strap, Regular","₹2,799","₹6,999",60% off
,"Noise Icon 3 Plus with 2"" HD Display, Metal Dial, Funct...","Black Strap, Regular","₹1,499","₹6,999",78% off
,"Noise Icon 3 Plus with 2"" HD Display, Metal Dial, Funct...","Vintage Brown Strap, Regular","₹1,499","₹6,999",78% off
,"Noise Impact 2"" HD Display with Bluetooth Calling, Meta...","Green Strap, Regular","₹1,499","₹6,999",78% off
,"Noise Impact 2"" HD Display with Bluetooth Calling, Meta...","Grey Strap, Regular","₹1,499","₹6,999",78% off
,"Noise Pro 5 Max 1.96 AMOLED Display, Post Workout Analy...","Elite Silver Strap, Regular","₹4,249","₹10,999",61% off
,"Noise Venture 1.39 inch TruView Display, Rugged Design ...","Blue Strap, Regular","₹1,499","₹5,999",75% off
,"Noise Caliber 3 Plus Metal Edition 1.96"" AMOLED Display...","Elite Black Strap, Regular","₹3,299","₹7,999",58% off
,"Noise Mighty BT Calling with 1.96"" display, Metal Build...","Grey Strap, Regular","₹2,499","₹6,999",64% off
,"Noise Caliber 3 Plus Metal Edition 1.96"" AMOLED Display...","Silver Strap, Regular","₹3,299","₹7,999",58% off
,"Noise ColorFit Caliber with 15-day battery, 1.69"" displ...","Black Strap, Regular",₹999,"₹3,999",75% off
,"Noise Caliber Go 1.69"" HD Display with 30 Sports Modes,...","Grey Strap, Regular","₹1,299","₹3,999",67% off
,"Noise Fit Buzz with 1.32inch HD Round Screen, Bluetooth...","Blue Strap, Regular","₹1,499","₹8,999",83% off
,"Noise Fit Buzz with 1.32inch HD Round Screen, Bluetooth...","Grey Strap, Regular","₹1,499","₹8,999",83% off
,Noise Caliber 2 Buzz 1.85'' Display with Bluetooth Call...,"Green Strap, Regular","₹1,299","₹4,999",74% off
,"Noise Crew Pro BT Calling with 1.4"" display, Metal Fini...","Grey Strap, Regular","₹1,699","₹6,999",75% off
,"Noise Fit Buzz with 1.32inch HD Round Screen, Bluetooth...","Black Strap, Regular","₹1,299","₹8,999",85% off
,"Noise Icon 3 1.91"" Display with Bluetooth Calling, Meta...","Blue Strap, Regular","₹1,399","₹6,999",80% off
,Noise Caliber 3 1.78 inch Always on Amoled Display with...,"Black Strap, Regular","₹1,999","₹6,999",71% off
,"Noise Thrill with 2"" Display with 3 Armored Layer Rugge...","Thunder Grey Strap, Regular","₹1,099","₹6,999",84% off
,"Noise Qube with 1.4"" Full Touch display, Multi-Sports m...","Black Strap, Regular",₹999,"₹4,999",80% off
,"Noise Crew Pro BT Calling with 1.4"" display, Metal Fini...","Brown Strap, Regular","₹1,699","₹6,999",75% off
,"Noise Fuse 1.38'' Round Display with Bluetooth Calling,...","Grey Strap, Regular","₹1,099","₹4,999",78% off
,"Noise NoiseFit Active with GPS, SpO2 Monitor Smartwatch","Black Strap, Regular","₹1,999","₹5,999",66% off
,"Noise Pro 5 1.85 AMOLED Always-on Display, DIY Watch fa...","Rose Gold Strap, Regular","₹3,999","₹9,999",60% off
,"Noise Hexa 1.96"" AMOLED with ArcView Display, Bluetooth...","Classic Black Strap, Regular","₹2,799","₹7,999",65% off
,"Noise Fuse Plus 1.43"" AMOLED display, Bluetooth Calling...","Deep Wine Strap, Regular","₹1,599","₹6,999",77% off
,"Noise Pro 5 1.85 AMOLED Always-on Display, DIY Watch fa...","Black Strap, Regular","₹3,499","₹8,999",61% off
,"Noise Icon 3 Plus with 2"" HD Display, Metal Dial, Funct...","Midnight Gold Strap, Regular","₹1,499","₹6,999",78% off
,"Noise Icon 3 Plus with 2"" HD Display, Metal Dial, Funct...","Blue Strap, Regular","₹1,499","₹6,999",78% off
,"Noise Caliber 3 Plus 1.96"" AMOLED Display, Functional C...","Green Strap, Regular","₹2,799","₹6,999",60% off
,Noise Evolve 4 Metal Edition with 1.46 inch AMOLED Disp...,"Elite Nickel Strap, Regular","₹3,499","₹8,999",61% off
,"Noise ColorFit Caliber 2 with 1.83'' Display, Upto 12 D...","Brown Strap, Regular","₹1,499","₹4,999",70% off
,"Noise Caliber Go 1.69"" HD Display with 30 Sports Modes,...","Green Strap, Regular","₹1,299","₹3,999",67% off
,Noise ColorFit Vision 2 with 1.78'' Always on AMOLED Di...,"Pink Strap, Regular","₹2,499","₹6,999",64% off
,"Noise Fuse 1.38'' Round Display with Bluetooth Calling,...","Forest Green Strap, Regular","₹1,299","₹4,999",74% off
,"Noise Qube 2 1.96"" display with Bluetooth Calling, Buil...","Black Strap, Regular","₹1,399","₹6,999",80% off
,"Noise Icon 4 with Stunning 1.96'' AMOLED Display, Metal...","Sunset Orange Strap, Regular","₹2,199","₹6,999",68% off
,Noise Grace Women's Collection 1.1 AMOLED Display with ...,"Silver Strap, Regular","₹3,499","₹5,999",41% off
,"Noise Pro 5 Max 1.96 AMOLED Display, Post Workout Analy...","Space Blue Strap, Regular","₹4,999","₹9,999",50% off
,"Noise Pro 5 Max 1.96 AMOLED Display, Post Workout Analy...","Elite Black Strap, Regular","₹4,249","₹10,999",61% off
,"Noise Active 2 with Hypervision AMOLED Display, Metal B...","Midnight Black Strap, Regular","₹3,999","₹8,999",55% off
,"Noise Mighty BT Calling with 1.96"" display, Metal Build...","Black Strap, Regular","₹2,499","₹6,999",64% off
,"Noise Active 2 with Hypervision AMOLED Display, Metal B...","Copper Black Strap, Regular","₹3,999","₹8,999",55% off
,"Noise Caliber 3 Plus 1.96"" AMOLED Display, Functional C...","Dark Grey Strap, Regular","₹2,799","₹6,999",60% off
,"Noise Active 2 with Hypervision AMOLED Display, Metal B...","Classic Brown Strap, Regular","₹3,999","₹8,999",55% off
,"Noise Icon Buzz 1.69"" Display with Bluetooth Calling, B...","Red Strap, Regular","₹1,199","₹4,999",76% off
,"Noise Active 2 with Hypervision AMOLED Display, Metal B...","Silver Black Strap, Regular","₹3,999","₹8,999",55% off
,"Noise Caliber 3 Plus 1.96"" AMOLED Display, Functional C...","Grey Strap, Regular","₹2,799","₹6,999",60% off
,"Noise Active 2 with Hypervision AMOLED Display, Metal B...","Vintage Brown Strap, Regular","₹3,999","₹8,999",55% off
,"Noise Active 2 with Hypervision AMOLED Display, Metal B...","Classic Black Strap, Regular","₹3,999","₹8,999",55% off
,"Noise Pro 5 1.85 AMOLED Always-on Display, DIY Watch fa...","Orange Strap, Regular","₹3,499","₹8,999",61% off
,"Noise Pro 5 1.85 AMOLED Always-on Display, DIY Watch fa...","Elite Black Strap, Regular","₹3,999","₹9,999",60% off
,"Noise Icon 4 with Stunning 1.96'' AMOLED Display, Metal...","Jet Black Strap, Regular","₹2,199","₹6,999",68% off
,"Noise Crew 1.38"" Round Display with Bluetooth Calling, ...","Black Link Strap, Regular","₹1,499","₹5,999",75% off
,"Noise Curve BT Calling with 1.38"" display, 100 Sports m...","Grey Strap, Regular","₹5,799","₹5,999",3% off
,Noise Caliber Buzz 1.69'' Display with Advanced Bluetoo...,"Blue Strap, Regular","₹1,599","₹4,999",68% off
,"Noise Hexa 1.96"" AMOLED with ArcView Display, Bluetooth...","Vintage Brown Strap, Regular","₹2,799","₹7,999",65% off
,"Noise Hexa 1.96"" AMOLED with ArcView Display, Bluetooth...","Teal Blue Strap, Regular","₹2,799","₹7,999",65% off
,"Noise Fuse Plus 1.43"" AMOLED display, Bluetooth Calling...","Brown Strap, Regular","₹1,599","₹6,999",77% off
,"Noise Mighty BT Calling with 1.96"" display, Metal Build...","Deep Wine Strap, Regular","₹2,499","₹6,999",64% off
,Noise Caliber 2 Buzz 1.85'' Display with Bluetooth Call...,"Brown Strap, Regular","₹1,299","₹5,999",78% off
,"Noise ColorFit Caliber Smart Watch with 15-day battery,...","Green Strap, Regular","₹1,199","₹3,999",70% off
,"Noise NoiseFit Active with GPS, SpO2 Monitor Smartwatch","Tough Grey Strap, Regular","₹1,999","₹5,999",66% off
,"Noise Pro 5 1.85 AMOLED Always-on Display, DIY Watch fa...","Brown Strap, Regular","₹3,499","₹8,999",61% off
,"Noise Pro 5 1.85 AMOLED Always-on Display, DIY Watch fa...","Blue Strap, Regular","₹3,499","₹8,999",61% off
,Noise ColorFit Pro 3 Alpha Smartwatch,"Black Strap, Regular","₹5,999","₹8,999",33% off
,Noise ColorFit Pro4 Bluetooth Calling with 1.72'' TruVi...,"Mint Green Strap, Regular","₹2,999","₹5,999",50% off
,Noise ColorFit Pro4 Bluetooth Calling with 1.72'' TruVi...,"Deep Wine Strap, Regular","₹2,999","₹5,999",50% off
,Noise Loop 1.85'' Display with Advanced Bluetooth Calli...,"Grey Strap, Regular","₹1,299","₹6,999",81% off
,Noise Caliber Buzz 1.69'' Display with Advanced Bluetoo...,"Grey Strap, Regular","₹1,599","₹4,999",68% off
,Noise ColorFit Pro 3 Alpha Smartwatch,"Green Strap, Regular","₹5,999","₹8,999",33% off
,"Noise Qube with 1.4"" Full Touch display, Multi-Sports m...","Silver Blue Strap, Regular","₹1,199","₹4,999",76% off
,Noise ColorFit Pro4 Bluetooth Calling with 1.72'' TruVi...,"Silver Grey Strap, Regular","₹1,299","₹5,999",78% off
,"Noise ColorFit Pro4 Max 1.8"" BT Calling, Noise detectio...","Blue Strap, Regular","₹3,999","₹5,999",33% off
,"Noise ColorFit Pro4 Max 1.8"" BT Calling, Noise detectio...","Grey Strap, Regular","₹3,999","₹5,999",33% off
,"Noise ColorFit Pro4 Max 1.8"" BT Calling, Noise detectio...","Brown Strap, Regular","₹3,999","₹5,999",33% off
,Noise ColorFit Pro4 Bluetooth Calling with 1.72'' TruVi...,"Sunset Orange Strap, Regular","₹2,999","₹5,999",50% off
,"Noise ColorFit Pro4 Max 1.8"" BT Calling, Noise detectio...","Pink Strap, Regular","₹3,999","₹5,999",33% off
,Noise ColorFit Pro 3 Alpha Smartwatch,"Grey Strap, Regular","₹5,999","₹8,999",33% off
,Noise Vision 2 Buzz with 1.7'' AMOLED Always On Display...,"Grey Strap, Regular","₹1,799","₹7,999",77% off
,Noise ColorFit Vision 2 with 1.78'' Always on AMOLED Di...,"Green Strap, Regular","₹2,499","₹6,999",64% off
,Noise ColorFit Qube Smartwatch,"Black Strap, Regular","₹1,199","₹4,999",76% off
,Noise ColorFit Pro4 BT Calling with 1.72 inch TruView D...,"Teal Blue Strap, Regular","₹2,999","₹5,999",50% off
,Noise ColorFit Brio Smartwatch,"Grey Strap, Regular","₹1,999","₹5,999",66% off
,"Noise ColorFit Caliber 2 with 1.83'' Display, Upto 12 D...","Purple Strap, Regular","₹1,499","₹4,999",70% off
,Noise ColorFit Pro 2 Oxy Smartwatch,"Deep Wine Strap, Regular","₹1,299","₹4,999",74% off
,Noise ColorFit Pro4 Bluetooth Calling with 1.72'' TruVi...,"Rose Pink Strap, Regular","₹2,999","₹5,999",50% off
,Noise ColorFit Pro4 Bluetooth Calling with 1.72'' TruVi...,"Midnight Blue Strap, Regular","₹2,999","₹5,999",50% off
,Noise ColorFit Brio Smartwatch,"Pink Strap, Regular","₹1,999","₹5,999",66% off
,Noise Fit Active SpO2 Smartwatch,"Red Strap, Regular","₹1,999","₹5,999",66% off
,Noise ColorFit Pro 3 Alpha Smartwatch,"Teal Strap, Regular","₹5,999","₹8,999",33% off
,"Noise Impact 2"" HD Display with Bluetooth Calling, Meta...","Grey Strap, Regular","₹1,499","₹6,999",78% off
,Noise X-Fit 2 (HRX Edition) Smart Watch with 1.69inch D...,"Grey Strap, Regular","₹1,299","₹3,999",67% off
,Noise ColorFit Pro 3 Smartwatch,"Black Strap, Regular","₹1,499","₹5,999",75% off
,Noise ColorFit Pro 2 Smartwatch,"Red Strap, Regular","₹1,299","₹4,999",74% off
,Noise ColorFit Vision 2 with 1.78'' Always on AMOLED Di...,"Blue Strap, Regular","₹2,499","₹6,999",64% off
,Noise ColorFit Pro 3 Smartwatch,"Blue Strap, Regular","₹1,499","₹5,999",75% off
,Noise ColorFit Vision 2 with 1.78'' Always on AMOLED Di...,"Black Strap, Regular","₹2,499","₹6,999",64% off
,Noise ColorFit Pro 2 Smartwatch,"Teal Green Strap, Regular","₹1,299","₹4,999",74% off
,"Noise ColorFit Caliber 2 with 1.83'' Display, Upto 12 D...","Blue Strap, Regular","₹1,499","₹4,999",70% off
,Noise ColorFit Pro 3 Smartwatch,"Red Strap, Regular","₹1,499","₹5,999",75% off
,Noise Evolve 2 AMOLED with 42mm Dial Size Smartwatch,"Pink Strap, Regular","₹2,299","₹7,999",71% off
,"Noise Qube with 1.4"" Full Touch display, Multi-Sports m...","Rose Gold Strap, Regular","₹1,199","₹4,999",76% off
,Noise X-Fit 2 (HRX Edition) Smart Watch with 1.69inch D...,"Blue Strap, Regular","₹1,299","₹3,999",67% off
,Noise ColorFit Pro 2 Oxy Smartwatch,"Grey Strap, Regular","₹1,299","₹4,999",74% off
,Noise Vision 2 Buzz with 1.7'' AMOLED Always On Display...,"Blue Strap, Regular","₹1,799","₹7,999",77% off
,Noise X-Fit 2 (HRX Edition) Smart Watch with 1.69inch D...,"Black Strap, Regular","₹1,299","₹3,999",67% off
,Noise ColorFit Pro 2 Smartwatch,"Blue Strap, Regular","₹1,299","₹4,999",74% off
,Noise Evolve 2 AMOLED with 42mm Dial Size Smartwatch,"Black Strap, Regular","₹2,299","₹7,999",71% off
,Noise ColorFit Pro 3 Smartwatch,"Pink Strap, Regular","₹1,499","₹5,999",75% off
,Noise ColorFit Pro 2 Oxy Smartwatch,"Black Strap, Regular","₹1,299","₹4,999",74% off
,"Noise Icon 3 1.91"" Display with Bluetooth Calling, Meta...","Deep Wine Strap, Regular","₹1,399","₹6,999",80% off
,Noise ColorFit Pro 3 Smartwatch,"Grey Strap, Regular","₹1,499","₹5,999",75% off
,"Noise ColorFit Caliber 2 with 1.83'' Display, Upto 12 D...","Black Strap, Regular","₹1,499","₹4,999",70% off
,Noise Fit Active SpO2 Smartwatch,"Grey Strap, Regular","₹1,999","₹5,999",66% off
,Noise Caliber Buzz 1.69'' Display with Advanced Bluetoo...,"Green Strap, Regular","₹1,599","₹4,999",68% off
,Noise Icon 2 Vista AMOLED Bluetooth Calling Smartwatch,"Grey Strap, Regular","₹1,399","₹6,999",80% off
,Noise ColorFit Pro 2 Smartwatch,"Deep Wine Strap, Regular","₹1,299","₹4,999",74% off
,Noise Caliber Buzz 1.69'' Display with Advanced Bluetoo...,"Black Strap, Regular","₹1,599","₹4,999",68% off
,Noise Caliber 2 Buzz 1.85'' Display with Bluetooth Call...,"Grey Strap, Regular","₹1,299","₹5,999",78% off
,"Noise Mettle 1.4'' display, Stainless Steel finish with...","Silver Strap, Regular","₹2,199","₹7,999",72% off
,Noise Caliber Buzz 1.69'' Display with Bluetooth Callin...,"Pink Strap, Regular","₹1,599","₹4,999",68% off
,Noise ColorFit Pro 2 Smartwatch,"Black Strap, Regular","₹1,299","₹4,999",74% off
,"Noise Qube with 1.4"" Full Touch display, Multi-Sports m...","Matte Black Strap, Regular",₹999,"₹4,999",80% off
,Noise ColorFit Pro4 Bluetooth Calling with 1.72'' TruVi...,"Charcoal Black Strap, Regular","₹1,299","₹5,999",78% off
,Noise Evolve 2 AMOLED with 42mm Dial Size Smartwatch,"Grey Strap, Regular","₹2,299","₹7,999",71% off
,Noise ColorFit Pro 2 Smartwatch,"Grey Strap, Regular","₹1,299","₹4,999",74% off
,"Noise Qube 2 1.96"" display with Bluetooth Calling, Buil...","Deep Wine Strap, Regular","₹1,399","₹6,999",80% off
,Noise Core 2 Buzz Bluetooth Calling with 1.28'' Round D...,"Grey Strap, Regular","₹1,799","₹5,999",70% off
,Noise ColorFit Brio Smartwatch,"Black Strap, Regular","₹1,999","₹5,999",66% off
,Noise ColorFit Pro 3 Alpha Smartwatch,"Pink Strap, Regular","₹5,999","₹8,999",33% off
,Noise Fit Active SpO2 Smartwatch,"Black Strap, Regular","₹1,999","₹5,999",66% off
,"Noise ColorFit Caliber Smart Watch with 15-day battery,...","Blue Strap, Regular",₹999,"₹3,999",75% off
,"Noise Fuse Plus 1.43"" AMOLED display, Bluetooth Calling...","Grey Strap, Regular","₹1,599","₹6,999",77% off
,Noise Core 2 Buzz Bluetooth Calling with 1.28'' Round D...,"Blue Strap, Regular","₹1,799","₹5,999",70% off
,Noise Core 2 Buzz Bluetooth Calling with 1.28'' Round D...,"Green Strap, Regular","₹1,799","₹5,999",70% off
,Noise Core 2 Buzz Bluetooth Calling with 1.28'' Round D...,"Black Strap, Regular","₹1,799","₹5,999",70% off
,"Noise Core 2 1.28"" Display , Noisefit sync app, 100+ wa...","Green Strap, Regular","₹1,499","₹3,999",62% off
,"Noise ColorFit Caliber 2 with 1.83'' Display, Upto 12 D...","Green Strap, Regular","₹1,499","₹4,999",70% off
,Noise Core 2 Buzz Bluetooth Calling with 1.28'' Round D...,"Pink Strap, Regular","₹1,799","₹5,999",70% off
,"Noise Core 2 1.28"" Display , Noisefit sync app, 100+ wa...","Black Strap, Regular","₹1,499","₹3,999",62% off
,Noise Colorfit Pro Smartwatch,"Blue Strap, Free","₹2,499","₹4,999",50% off
,"Noise Pro 5 1.85 AMOLED Always-on Display, DIY Watch fa...","Brown Strap, Regular","₹3,499","₹8,999",61% off
,Noise Colorfit Pro Smartwatch,"Black Strap, Free","₹2,499","₹4,999",50% off
,Noise Colorfit Pro Smartwatch,"Red Strap, Free","₹2,499","₹4,999",50% off
,Noise Grace Women's Collection 1.1 AMOLED Display with ...,"Rose Gold Strap, Regular","₹3,499","₹5,999",41% off
,"Noise Pro 5 Max 1.96 AMOLED Display, Post Workout Analy...","Jet Black Strap, Regular","₹4,499","₹9,999",55% off
,"Noise Pro 5 Max 1.96 AMOLED Display, Post Workout Analy...","Classic Black Strap, Regular","₹4,499","₹9,999",55% off
,"Noise Icon 4 with Stunning 1.96'' AMOLED Display, Metal...","Rose Pink Strap, Regular","₹2,199","₹6,999",68% off
,Noise Evolve 4 Metal Edition with 1.46 inch AMOLED Disp...,"Elite Silver Strap, Regular","₹5,999","₹8,999",33% off
,"Noise Crew 1.38"" Round Display with Bluetooth Calling, ...","Elite Black Strap, Regular","₹1,699","₹5,999",71% off
,,,,,
,,,,,
,,,,,
,,,,,
,,,,,
,,,,,
,,,,,
,,,,,
,,,,,
,,,,,
,,,,,
,,,,,
,,,,,
,,,,,
,,,,,
,,,,,
,,,,,
,,,,,
,,,,,
,,,,,
,,,,,
,,,,,
,,,,,
,,,,,
,,,,,
,,,,,
,,,,,
,,,,,
,,,,,
,,,,,
,,,,,
,,,,,
